2026-06-03 07 33 03 5286 ;
2026-06-03 07 33 06 5280 ;
2026-06-03 07 33 09 5281 ;
2026-06-03 07 33 12 5289 ;
2026-06-03 07 33 15 5280 ;
2026-06-03 07 33 18 5278 ;
2026-06-03 07 33 21 5283 ;
2026-06-03 07 33 24 5279 ;
2026-06-03 07 33 27 5271 ;
2026-06-03 07 33 30 5277 ;
2026-06-03 07 33 33 5278 ;
2026-06-03 07 33 36 5284 ;
2026-06-03 07 33 39 5273 ;
2026-06-03 07 33 42 5277 ;
2026-06-03 07 33 45 5265 ;
2026-06-03 07 33 48 5265 ;
2026-06-03 07 33 51 5265 ;
2026-06-03 07 33 54 5264 ;
2026-06-03 07 33 57 5264 ;
2026-06-03 07 34 00 5264 ;
2026-06-03 07 34 03 5262 ;
2026-06-03 07 34 06 5253 ;
2026-06-03 07 34 09 5252 ;
2026-06-03 07 34 12 5264 ;
2026-06-03 07 34 15 5262 ;
2026-06-03 07 34 18 5254 ;
2026-06-03 07 34 21 5257 ;
2026-06-03 07 34 24 5256 ;
2026-06-03 07 34 27 5253 ;
2026-06-03 07 34 30 5256 ;
2026-06-03 07 34 33 5257 ;
2026-06-03 07 34 36 5258 ;
2026-06-03 07 34 39 5259 ;
2026-06-03 07 34 42 5266 ;
2026-06-03 07 34 45 5258 ;
2026-06-03 07 34 48 5263 ;
2026-06-03 07 34 51 5308 ;
2026-06-03 07 34 54 5309 ;
2026-06-03 07 34 57 5312 ;
2026-06-03 07 35 00 5313 ;
2026-06-03 07 35 03 5322 ;
2026-06-03 07 35 06 5319 ;
2026-06-03 07 35 09 5361 ;
2026-06-03 07 35 12 5397 ;
2026-06-03 07 35 15 5375 ;
2026-06-03 07 35 18 6432 ;
2026-06-03 07 35 21 6699 ;
2026-06-03 07 35 24 6623 ;
2026-06-03 07 35 27 12227 ;
2026-06-03 07 35 30 10668 ;
2026-06-03 07 35 33 8504 ;
2026-06-03 07 35 36 7566 ;
2026-06-03 07 35 39 8204 ;
2026-06-03 07 35 42 6716 ;
2026-06-03 07 35 45 6711 ;
2026-06-03 07 35 48 6706 ;
2026-06-03 07 35 51 10101 ;
2026-06-03 07 35 54 15878 ;
2026-06-03 07 35 57 15874 ;
2026-06-03 07 36 00 15880 ;
2026-06-03 07 36 03 15886 ;
2026-06-03 07 36 06 15887 ;
2026-06-03 07 36 09 15899 ;
2026-06-03 07 36 12 15891 ;
2026-06-03 07 36 15 15899 ;
2026-06-03 07 36 18 15885 ;
2026-06-03 07 36 21 15890 ;
2026-06-03 07 36 24 15882 ;
2026-06-03 07 36 27 15880 ;
2026-06-03 07 36 30 13604 ;
2026-06-03 07 36 33 16339 ;
2026-06-03 07 36 36 16327 ;
2026-06-03 07 36 39 16388 ;
2026-06-03 07 36 42 16253 ;
2026-06-03 07 36 45 16357 ;
2026-06-03 07 36 48 16325 ;
2026-06-03 07 36 51 16297 ;
2026-06-03 07 36 54 16201 ;
2026-06-03 07 36 57 15855 ;
2026-06-03 07 37 00 16348 ;
2026-06-03 07 37 03 16199 ;
2026-06-03 07 37 06 16198 ;
2026-06-03 07 37 09 16188 ;
2026-06-03 07 37 12 15961 ;
2026-06-03 07 37 15 16224 ;
2026-06-03 07 37 18 16124 ;
2026-06-03 07 37 21 15877 ;
2026-06-03 07 37 24 16044 ;
2026-06-03 07 37 27 16206 ;
2026-06-03 07 37 30 16192 ;
2026-06-03 07 37 33 16142 ;
2026-06-03 07 37 36 15965 ;
2026-06-03 07 37 39 15079 ;
2026-06-03 07 37 42 16193 ;
2026-06-03 07 37 45 16192 ;
2026-06-03 07 37 48 16080 ;
2026-06-03 07 37 51 15442 ;
2026-06-03 07 37 54 16223 ;
2026-06-03 07 37 57 16055 ;
2026-06-03 07 38 00 15937 ;
2026-06-03 07 38 03 15948 ;
2026-06-03 07 38 06 16256 ;
2026-06-03 07 38 09 16185 ;
2026-06-03 07 38 12 16034 ;
2026-06-03 07 38 15 15958 ;
2026-06-03 07 38 18 16222 ;
2026-06-03 07 38 21 16182 ;
2026-06-03 07 38 24 16012 ;
2026-06-03 07 38 27 15993 ;
2026-06-03 07 38 30 16271 ;
2026-06-03 07 38 33 16118 ;
2026-06-03 07 38 36 16079 ;
2026-06-03 07 38 39 16036 ;
2026-06-03 07 38 42 16279 ;
2026-06-03 07 38 45 16172 ;
2026-06-03 07 38 48 16121 ;
2026-06-03 07 38 51 14335 ;
2026-06-03 07 38 54 16261 ;
2026-06-03 07 38 57 16184 ;
2026-06-03 07 39 00 16081 ;
2026-06-03 07 39 03 16307 ;
2026-06-03 07 39 06 16160 ;
2026-06-03 07 39 09 16137 ;
2026-06-03 07 39 12 14723 ;
2026-06-03 07 39 15 16261 ;
2026-06-03 07 39 18 16138 ;
2026-06-03 07 39 21 16070 ;
2026-06-03 07 39 24 16307 ;
2026-06-03 07 39 27 16228 ;
2026-06-03 07 39 30 16209 ;
2026-06-03 07 39 33 16358 ;
2026-06-03 07 39 36 16070 ;
2026-06-03 07 39 39 16100 ;
2026-06-03 07 39 42 15957 ;
2026-06-03 07 39 45 16222 ;
2026-06-03 07 39 48 16126 ;
2026-06-03 07 39 51 16066 ;
2026-06-03 07 39 54 16291 ;
2026-06-03 07 39 57 16104 ;
2026-06-03 07 40 00 16272 ;
2026-06-03 07 40 03 16212 ;
2026-06-03 07 40 06 16137 ;
2026-06-03 07 40 09 16280 ;
2026-06-03 07 40 12 16149 ;
2026-06-03 07 40 15 15679 ;
2026-06-03 07 40 18 16294 ;
2026-06-03 07 40 21 16045 ;
2026-06-03 07 40 24 15716 ;
2026-06-03 07 40 27 16261 ;
2026-06-03 07 40 30 15985 ;
2026-06-03 07 40 33 16307 ;
2026-06-03 07 40 36 16145 ;
2026-06-03 07 40 39 16309 ;
2026-06-03 07 40 42 16271 ;
2026-06-03 07 40 45 15017 ;
2026-06-03 07 40 48 16307 ;
2026-06-03 07 40 51 16181 ;
2026-06-03 07 40 54 16318 ;
2026-06-03 07 40 57 16249 ;
2026-06-03 07 41 00 16328 ;
2026-06-03 07 41 03 16152 ;
2026-06-03 07 41 06 16433 ;
2026-06-03 07 41 09 16226 ;
2026-06-03 07 41 12 16353 ;
2026-06-03 07 41 15 16055 ;
2026-06-03 07 41 18 16340 ;
2026-06-03 07 41 21 15068 ;
2026-06-03 07 41 24 16393 ;
2026-06-03 07 41 27 16376 ;
2026-06-03 07 41 30 16284 ;
2026-06-03 07 41 33 16409 ;
2026-06-03 07 41 36 15932 ;
2026-06-03 07 41 39 16354 ;
2026-06-03 07 41 42 16462 ;
2026-06-03 07 41 45 16405 ;
2026-06-03 07 41 48 15485 ;
2026-06-03 07 41 51 16286 ;
2026-06-03 07 41 54 16342 ;
2026-06-03 07 41 57 16267 ;
2026-06-03 07 42 00 16275 ;
2026-06-03 07 42 03 16166 ;
2026-06-03 07 42 06 16002 ;
2026-06-03 07 42 09 15698 ;
2026-06-03 07 42 12 15485 ;
2026-06-03 07 42 15 15381 ;
2026-06-03 07 42 18 14826 ;
2026-06-03 07 42 21 14394 ;
2026-06-03 07 42 24 14283 ;
2026-06-03 07 42 27 13987 ;
2026-06-03 07 42 30 13220 ;
2026-06-03 07 42 33 12980 ;
2026-06-03 07 42 36 12762 ;
2026-06-03 07 42 39 12287 ;
2026-06-03 07 42 42 11588 ;
2026-06-03 07 42 45 10919 ;
2026-06-03 07 42 48 10345 ;
2026-06-03 07 42 51 9595 ;
2026-06-03 07 42 54 8719 ;
2026-06-03 07 42 57 8039 ;
2026-06-03 07 43 00 6967 ;
2026-06-03 07 43 03 6479 ;
2026-06-03 07 43 06 5363 ;
2026-06-03 07 43 09 5337 ;
2026-06-03 07 43 12 5369 ;
2026-06-03 07 43 15 5355 ;
2026-06-03 07 43 18 5346 ;
2026-06-03 07 43 21 5350 ;
2026-06-03 07 43 24 5340 ;
2026-06-03 07 43 27 5339 ;
2026-06-03 07 43 30 5324 ;
2026-06-03 07 43 33 5275 ;
2026-06-03 07 43 36 5275 ;
2026-06-03 07 43 39 5274 ;
2026-06-03 07 43 42 5280 ;
2026-06-03 07 43 45 5280 ;
2026-06-03 07 43 48 5277 ;
2026-06-03 07 43 51 5274 ;
2026-06-03 07 43 54 5275 ;
2026-06-03 07 43 57 5275 ;
